B.class,B.family,B.species,ID
Actinopteri,Acanthuridae,Prionurus scalprum,"ASV_21,ASV_3,ASV_337,ASV_6,ASV_11,ASV_213,ASV_5,ASV_52,ASV_68"
Actinopteri,Acropomatidae,Malakichthys barbatus,ASV_283
Actinopteri,Ammodytidae,Ammodytes americanus,"ASV_241,ASV_124"
Actinopteri,Ammodytidae,Ammodytes dubius,"ASV_331,ASV_818,ASV_954,ASV_287,ASV_365"
Actinopteri,Ammodytidae,Ammodytes personatus,"ASV_22,ASV_1336,ASV_6"
Actinopteri,Antennariidae,Antennatus coccineus,"ASV_1236,ASV_1223,ASV_460"
Actinopteri,Apogonidae,Apogon imberbis,"ASV_17,ASV_379,ASV_516,ASV_7,ASV_70,ASV_14,ASV_188,ASV_228,ASV_486,ASV_7,ASV_82"
Actinopteri,Argentinidae,Glossanodon semifasciatus,ASV_745
Actinopteri,Aulopidae,Hime damasi,"ASV_1076,ASV_1332"
Actinopteri,Bathylagidae,Leuroglossus schmidti,"ASV_1101,ASV_243"
Actinopteri,Belonidae,Platybelone argala,"ASV_326,ASV_1103,ASV_326,ASV_385"
Actinopteri,Blenniidae,Cirripectes imitator,"ASV_26,ASV_409,ASV_756,ASV_768,ASV_10,ASV_206"
Actinopteri,Blenniidae,Plagiotremus tapeinosoma,"ASV_1117,ASV_520,ASV_77,ASV_839,ASV_1048,ASV_1181,ASV_69"
Actinopteri,Blenniidae,Scartella cristata,"ASV_57,ASV_27"
Actinopteri,Bothidae,Bothus robinsi,"ASV_785,ASV_208,ASV_316,ASV_597,ASV_727,ASV_899"
Actinopteri,Bythitidae,Alionematichthys riukiuensis,ASV_1138
Actinopteri,Bythitidae,Brosmophycis marginata,"ASV_1129,ASV_979,ASV_1029,ASV_1335,ASV_424"
Actinopteri,Bythitidae,Grammonus robustus,"ASV_299,ASV_163"
Actinopteri,Carangidae,Caranx bucculentus,"ASV_138,ASV_317,ASV_192,ASV_215"
Actinopteri,Carangidae,Selar crumenophthalmus,"ASV_151,ASV_62"
Actinopteri,Carangidae,Trachinotus baillonii,"ASV_82,ASV_217,ASV_51"
Actinopteri,Carapidae,Carapus kagoshimanus,ASV_578
Actinopteri,Carapidae,Echiodon drummondii,ASV_983
Actinopteri,Chaetodontidae,Chaetodon ocellatus,"ASV_229,ASV_119"
Actinopteri,Chaetodontidae,Johnrandallia nigrirostris,"ASV_95,ASV_78"
Actinopteri,Chaetodontidae,Prognathodes aya,ASV_1178
Actinopteri,Chanidae,Chanos chanos,"ASV_236,ASV_97"
Actinopteri,Chiasmodontidae,Pseudoscopelus sagamianus,ASV_891
Actinopteri,Chlorophthalmidae,Chlorophthalmus acutifrons,"ASV_180,ASV_679,ASV_593"
Actinopteri,Chlorophthalmidae,Chlorophthalmus borealis,"ASV_938,ASV_1323"
Actinopteri,Cichlidae,Guianacara geayi,ASV_1203
Actinopteri,Cichlidae,Oreochromis niloticus x Oreochromis aureus,"ASV_204,ASV_478,ASV_195"
Actinopteri,Cirrhitidae,Cirrhitichthys oxycephalus,"ASV_1007,ASV_173,ASV_234,ASV_434,ASV_686,ASV_106,ASV_1098,ASV_231"
Actinopteri,Clupeidae,Dorosoma cepedianum,"ASV_136,ASV_611,ASV_80"
Actinopteri,Congridae,Gorgasia sp. JAL-2006,"ASV_320,ASV_750,ASV_981"
Actinopteri,Congridae,Paraconger notialis,ASV_378
Actinopteri,Echeneidae,Remora brachyptera,ASV_359
Actinopteri,Engraulidae,Engraulis japonicus,"ASV_368,ASV_535,ASV_977,ASV_197"
Actinopteri,Ephippidae,Platax orbicularis,ASV_188
Actinopteri,Exocoetidae,Hirundichthys oxycephalus,"ASV_167,ASV_212,ASV_273"
Actinopteri,Fistulariidae,Fistularia commersonii,"ASV_191,ASV_581,ASV_116"
Actinopteri,Gerreidae,Gerres cinereus,"ASV_200,ASV_94,ASV_983"
Actinopteri,Gobiidae,Bathygobius lineatus,"ASV_1141,ASV_544,ASV_105,ASV_1307"
Actinopteri,Gobiidae,Chriolepis dialepta,"ASV_424,ASV_187,ASV_358,ASV_567,ASV_757"
Actinopteri,Gobiidae,Coryphopterus urospilus,ASV_772
Actinopteri,Gonostomatidae,Cyclothone acclinidens,"ASV_874,ASV_315"
Actinopteri,Gonostomatidae,Sigmops sp. CBM DNA No. 2015-230,ASV_782
Actinopteri,Haemulidae,Pomadasys stridens,"ASV_106,ASV_140,ASV_16,ASV_386,ASV_738,ASV_91,ASV_112,ASV_2,ASV_246,ASV_36,ASV_48,ASV_484,ASV_61,ASV_827"
Actinopteri,Hemiramphidae,Euleptorhamphus viridis,"ASV_626,ASV_159,ASV_429"
Actinopteri,Hemiramphidae,Hyporhamphus quoyi,"ASV_197,ASV_49,ASV_98"
Actinopteri,Holocentridae,Sargocentron punctatissimum,"ASV_264,ASV_554,ASV_140"
Actinopteri,Kyphosidae,Girella cyanea,"ASV_398,ASV_151"
Actinopteri,Labridae,Bodianus diplotaenia,"ASV_27,ASV_416,ASV_46,ASV_21,ASV_56"
Actinopteri,Labridae,Bodianus loxozonus,"ASV_124,ASV_75"
Actinopteri,Labridae,Halichoeres dispilus,"ASV_224,ASV_9,ASV_13,ASV_147,ASV_221,ASV_646"
Actinopteri,Labridae,Iniistius pavo,ASV_1089
Actinopteri,Labridae,Nicholsina usta,"ASV_262,ASV_79,ASV_1340,ASV_249"
Actinopteri,Labridae,Novaculichthys taeniourus,ASV_361
Actinopteri,Labridae,Semicossyphus pulcher,"ASV_86,ASV_73"
Actinopteri,Labridae,Xyrichtys novacula,"ASV_301,ASV_410,ASV_279"
Actinopteri,Labrisomidae,Malacoctenus triangulatus,"ASV_120,ASV_217,ASV_739,ASV_156,ASV_38,ASV_72"
Actinopteri,Leuciscidae,Phoxinus phoxinus,ASV_419
Actinopteri,Leuciscidae,Phoxinus sp. UAIC 14401.01,ASV_966
Actinopteri,Lutjanidae,Caesio lunaris,"ASV_80,ASV_1147"
Actinopteri,Lutjanidae,Lipocheilus carnolabrum,"ASV_147,ASV_1251,ASV_138"
Actinopteri,Lutjanidae,Lutjanus argentimaculatus,"ASV_1013,ASV_103,ASV_1085,ASV_517,ASV_1132,ASV_1342,ASV_143,ASV_502,ASV_86"
Actinopteri,Lutjanidae,Lutjanus sp. MM-2016,"ASV_617,ASV_536"
Actinopteri,Lutjanidae,Pterocaesio tile,"ASV_2,ASV_81,ASV_902,ASV_15"
Actinopteri,Macrouridae,Coryphaenoides acrolepis,ASV_860
Actinopteri,Molidae,Mola mola,"ASV_271,ASV_226"
Actinopteri,Monocentridae,Monocentris japonicus,"ASV_715,ASV_746"
Actinopteri,Moronidae,Dicentrarchus labrax,ASV_1002
Actinopteri,Mugilidae,Chaenomugil proboscideus,"ASV_444,ASV_1123"
Actinopteri,Muraenidae,Anarchias seychellensis,"ASV_1188,ASV_310,ASV_777,ASV_146"
Actinopteri,Muraenidae,Anarchias sp. CBM:ZF:18316,ASV_457
Actinopteri,Muraenidae,Enchelycore anatina,"ASV_951,ASV_265"
Actinopteri,Muraenidae,Enchelycore nigricans,"ASV_551,ASV_120,ASV_1291"
Actinopteri,Muraenidae,Enchelycore pardalis,"ASV_1179,ASV_349,ASV_286"
Actinopteri,Muraenidae,Gymnomuraena zebra,"ASV_750,ASV_778"
Actinopteri,Muraenidae,Gymnothorax flavimarginatus,"ASV_205,ASV_127,ASV_992"
Actinopteri,Muraenidae,Gymnothorax formosus,"ASV_109,ASV_116,ASV_819,ASV_1333,ASV_77,ASV_91"
Actinopteri,Muraenidae,Gymnothorax fuscomaculatus,ASV_1281
Actinopteri,Muraenidae,Gymnothorax sp. KAUM:I:98486,"ASV_1105,ASV_230,ASV_377,ASV_746,ASV_84,ASV_141,ASV_355,ASV_57"
Actinopteri,Muraenidae,Gymnothorax unicolor,"ASV_344,ASV_89"
Actinopteri,Muraenidae,Gymnothorax vicinus,ASV_673
Actinopteri,Muraenidae,Muraena lentiginosa,"ASV_1202,ASV_185,ASV_251,ASV_564,ASV_73,ASV_170,ASV_183,ASV_37"
Actinopteri,Muraenidae,Scuticaria tigrina,"ASV_111,ASV_1169,ASV_327,ASV_388,ASV_211,ASV_402,ASV_419,ASV_552,ASV_74"
Actinopteri,Muraenidae,Uropterygius macularius,"ASV_1090,ASV_166,ASV_227,ASV_363,ASV_941,ASV_100,ASV_1341,ASV_289,ASV_294,ASV_308,ASV_478"
Actinopteri,Muraenidae,Uropterygius micropterus,"ASV_1009,ASV_1168,ASV_296,ASV_338,ASV_411,ASV_413,ASV_507,ASV_1275,ASV_218,ASV_230,ASV_247,ASV_258,ASV_324,ASV_671"
Actinopteri,Myctophidae,Diaphus watasei,"ASV_1183,ASV_477"
Actinopteri,Myctophidae,Diogenichthys laternatus,"ASV_448,ASV_561,ASV_788,ASV_854,ASV_110,ASV_118,ASV_488"
Actinopteri,Myctophidae,Hygophum proximum,"ASV_1072,ASV_988"
Actinopteri,Myctophidae,Hygophum reinhardtii,"ASV_242,ASV_152,ASV_435"
Actinopteri,Myctophidae,Hygophum sp. CBM:ZF:14740,ASV_1200
Actinopteri,Myctophidae,Lampanyctus macdonaldi,"ASV_1125,ASV_1302"
Actinopteri,Myctophidae,Lampanyctus sp. Y13,ASV_1238
Actinopteri,Myctophidae,Myctophum aurolaternatum,"ASV_775,ASV_319"
Actinopteri,Myctophidae,Myctophum nitidulum,"ASV_1155,ASV_1273,ASV_1314,ASV_1319,ASV_1331,ASV_496,ASV_551,ASV_768"
Actinopteri,Myctophidae,Nannobrachium achirus,"ASV_393,ASV_1102,ASV_214"
Actinopteri,Myctophidae,Nannobrachium atrum,ASV_891
Actinopteri,Myctophidae,Notoscopelus resplendens,"ASV_631,ASV_659,ASV_423"
Actinopteri,Myctophidae,Triphoturus mexicanus,"ASV_145,ASV_1221,ASV_383"
Actinopteri,Notosudidae,Scopelosaurus harryi,"ASV_829,ASV_577"
Actinopteri,Ophichthidae,Brachysomophis porphyreus,"ASV_796,ASV_861,ASV_325,ASV_427,ASV_494,ASV_657"
Actinopteri,Ophichthidae,Ophichthus serpentinus,ASV_1206
Actinopteri,Ophichthidae,Ophisurus macrorhynchos,"ASV_364,ASV_1325"
Actinopteri,Ophichthidae,Xyrias revulsus,ASV_1018
Actinopteri,Ophichthidae,Yirrkala misolensis,"ASV_782,ASV_239"
Actinopteri,Ophidiidae,Brotula multibarbata,"ASV_432,ASV_956"
Actinopteri,Opistognathidae,Opistognathus iyonis,"ASV_190,ASV_130"
Actinopteri,Opistognathidae,Opistognathus jacksoniensis,"ASV_1066,ASV_148,ASV_215,ASV_247,ASV_33,ASV_429,ASV_513,ASV_531,ASV_672,ASV_849,ASV_1218,ASV_139,ASV_16,ASV_196,ASV_225,ASV_234,ASV_347"
Actinopteri,Oplegnathidae,Oplegnathus fasciatus,"ASV_436,ASV_363"
Actinopteri,Oplegnathidae,Oplegnathus woodwardi,"ASV_213,ASV_109,ASV_280"
Actinopteri,Paralichthyidae,Citharichthys sordidus,ASV_471
Actinopteri,Paralichthyidae,Etropus microstomus,ASV_682
Actinopteri,Paralichthyidae,Paralichthys albigutta,"ASV_835,ASV_364"
Actinopteri,Phosichthyidae,Vinciguerria sp. CBM:ZF:14736,"ASV_15,ASV_318,ASV_774,ASV_9"
Actinopteri,Pomacentridae,Abudefduf taurus,ASV_1162
Actinopteri,Pomacentridae,Chromis multilineata,ASV_198
Actinopteri,Pomacentridae,Microspathodon chrysurus,"ASV_255,ASV_99"
Actinopteri,Pomacentridae,Microspathodon dorsalis,"ASV_108,ASV_1115,ASV_705,ASV_122"
Actinopteri,Pomacentridae,Stegastes fuscus,"ASV_11,ASV_4"
Actinopteri,Pomacentridae,Stegastes rectifraenum,"ASV_47,ASV_45"
Actinopteri,Priacanthidae,Cookeolus japonicus,ASV_1041
Actinopteri,Priacanthidae,Heteropriacanthus cruentatus,"ASV_795,ASV_1023"
Actinopteri,Regalecidae,Regalecus russelii,ASV_826
Actinopteri,Rondeletiidae,Rondeletia loricata,ASV_1156
Actinopteri,Sciaenidae,Bairdiella chrysoura,"ASV_158,ASV_72,ASV_47,ASV_76"
Actinopteri,Sciaenidae,Equetus lanceolatus,"ASV_420,ASV_689,ASV_107,ASV_682,ASV_980"
Actinopteri,Sciaenidae,Genyonemus lineatus,"ASV_159,ASV_1249,ASV_50"
Actinopteri,Scombridae,Auxis thazard,"ASV_265,ASV_185"
Actinopteri,Scorpaenidae,Pontinus macrocephalus,"ASV_399,ASV_201,ASV_490"
Actinopteri,Scorpaenidae,Scorpaena miostoma,ASV_893
Actinopteri,Scorpaenidae,Scorpaena neglecta,"ASV_1114,ASV_1149,ASV_249,ASV_157,ASV_255"
Actinopteri,Scorpaenidae,Scorpaenodes evides,"ASV_100,ASV_1091,ASV_248,ASV_315,ASV_515,ASV_789,ASV_813,ASV_1352,ASV_261,ASV_53,ASV_587,ASV_595,ASV_670"
Actinopteri,Scorpaenidae,Scorpaenopsis possi,ASV_922
Actinopteri,Serranidae,Cephalopholis cyanostigma,ASV_235
Actinopteri,Serranidae,Cephalopholis sexmaculata,"ASV_8,ASV_1"
Actinopteri,Serranidae,Epinephelus bontoides,"ASV_1019,ASV_1064,ASV_651,ASV_92,ASV_1104,ASV_167,ASV_39"
Actinopteri,Serranidae,Epinephelus heniochus,"ASV_45,ASV_17"
Actinopteri,Serranidae,Epinephelus rivulatus,ASV_313
Actinopteri,Serranidae,Epinephelus stictus,"ASV_963,ASV_88"
Actinopteri,Serranidae,Grammistops ocellatus,ASV_1005
Actinopteri,Serranidae,Hypoplectrus gemma,ASV_290
Actinopteri,Serranidae,Liopropoma lunulatum,"ASV_668,ASV_604"
Actinopteri,Serranidae,Pogonoperca punctata,"ASV_153,ASV_277,ASV_491,ASV_640,ASV_155,ASV_174,ASV_398,ASV_55"
Actinopteri,Serranidae,Pseudogramma polyacantha,"ASV_543,ASV_248"
Actinopteri,Serranidae,Sacura margaritacea,ASV_927
Actinopteri,Serranidae,Serranocirrhitus latus,ASV_607
Actinopteri,Siganidae,Siganus javus,ASV_902
Actinopteri,Sparidae,Lagodon rhomboides,"ASV_313,ASV_448"
Actinopteri,Sphyraenidae,Sphyraena helleri,"ASV_250,ASV_59,ASV_207,ASV_209,ASV_35"
Actinopteri,Stomiidae,Astronesthes sp. CBM DNA No. 2015-229,"ASV_421,ASV_961,ASV_323,ASV_470"
Actinopteri,Synodontidae,Synodus oculeus,"ASV_1122,ASV_1140,ASV_272"
Actinopteri,Tetraodontidae,Lagocephalus lagocephalus,ASV_704
Actinopteri,Trachipteridae,Desmodema polystictum,ASV_1243
Actinopteri,Trichiuridae,Evoxymetopon taeniatus,"ASV_228,ASV_184"
Actinopteri,Triglidae,Prionotus evolans,"ASV_1170,ASV_964,ASV_1304"
Chondrichthyes,Carcharhinidae,Galeocerdo cuvier,ASV_1061
Chondrichthyes,Carcharhinidae,Sphyrna lewini,ASV_1088
Chondrichthyes,Carcharhinidae,Sphyrna zygaena,ASV_288
Chondrichthyes,Carcharhinidae,Triaenodon obesus,ASV_325
Chondrichthyes,Dasyatidae,Pteroplatytrygon violacea,"ASV_219,ASV_25"
Chondrichthyes,Heterodontidae,Heterodontus japonicus,"ASV_141,ASV_87,ASV_1329"
Chondrichthyes,Myliobatidae,Aetobatus narinari,"ASV_183,ASV_604"
Chondrichthyes,Myliobatidae,Myliobatis freminvillei,ASV_253
Chondrichthyes,Myliobatidae,Rhinoptera bonasus,ASV_1033
Chondrichthyes,Potamotrygonidae,Taeniura meyeni,ASV_284
